conversation_id,customer_message,true_intent,true_action,true_reason,actual_brand_reply
1809a7e15a7044098141e4ed09f41ca3,"Howdy. Today I started getting a ""No Sim Card Installed"" message on my iPhone 6. I'm running 9.2.1
???",General Inquiry,Auto-handle,"Standard issue, can link to docs.",We would love to help fix this. Follow these steps and DM us if you need further assistance: https://t.co/UTP2qBzCA0
749756fbdec17b0a8d94090526ae2b4e,Awrite av got a problem with my iPhone,General Inquiry,Auto-handle,"Standard issue, can link to docs.","We’re happy to help with your iPhone. DM us the model, iOS
 Version and the issue and we can go from there."
74d49c1a8dfd273a7fefc248d6609f71,"@118101 @AppleSupport unable to use iPad pro 10"" with @118101 via apple sim. Get ""An error has occurred when getting user information (TMF12)"" after selecting available ee plans. 

VERY inconvenient.",General Inquiry,Auto-handle,"Standard issue, can link to docs.",We'd like to help get your iPad Pro activated. DM us and we'll get started. https://t.co/GDrqU22YpT
440e3c063d8318c976afb8067308b5a5,how do I delete apps if this is what shows when I press and hold an app https://t.co/R47Tz6nsA7,General Inquiry,Auto-handle,"Standard issue, can link to docs.",We can take a look at it. Which device and what version of iOS are you currently using?
5a367bad5af3347f6936313cd87b5d45,Is family shared iCloud storage a functionality I can't find or is this something that doesn't exist (yet)?,General Inquiry,Auto-handle,"Standard issue, can link to docs.",We'll happy to work with you and answer your questions. Please DM us where we have more room. https://t.co/GDrqU22YpT
44a0a005daad4f8d93664ea57578c698,@115858 @AppleSupport how do I fix this. fuq ios. 11 https://t.co/zu7RJBORSU,Software/OS Update,Auto-handle,"Standard issue, can link to docs.",We've received your DM and we'll be glad to follow up with you there shortly. https://t.co/GDrqU22YpT
379fbc9474cdeee48caf9e28aa058d42,My icloud account has been locked for security reasons. Even my Apple ID is locked. I can't receive my confirmation code.,General Inquiry,Auto-handle,"Standard issue, can link to docs.",We're happy to assist. This article can help you to unlock your account: https://t.co/HH37urdbz9 DM us with any questions. https://t.co/GDrqU22YpT
8838d285f3be831ed6fe3ac6f9ab1116,@AppleSupport I’m having the same issue. Also: my music and podcasts start/stop randomly. So annoying.,General Inquiry,Auto-handle,"Standard issue, can link to docs.",We'd love to look into this with you. Which device and software version are you using? Please send us a DM and we'll go from there. https://t.co/GDrqU22YpT
1c34790dc216b192e2c31080c0c7e1ea,"So not only am I locked out of my iTunes, but this update is also killing my battery 😖😡 #iphoneproblems why @115858 why?!?! 👺👺",Software/OS Update,Auto-handle,"Standard issue, can link to docs.",We're here for you. Which iPhone and software version are you using?
fa96ac1e383250900602ab6ccc06cecb,The amount of times that happens is more than the amount of iPhones Apple has sold to this day. Fix these things. My iPhone 7 is dying. https://t.co/RajhoChvrt,General Inquiry,Auto-handle,"Standard issue, can link to docs.",We'd love to help with this. Send us a DM with some additional information on what's happening &amp; share your iOS version too. https://t.co/GDrqU22YpT
9e29d83f258f477a46b62cfa8a7461a1,"@AppleSupport Hi, is it possible to link my Hive lights/hub to Apple HomeKit?",General Inquiry,Auto-handle,"Standard issue, can link to docs.","Hi! To see a list of accessories that work with Apple HomeKit, click here: https://t.co/5OAsDC2ye7"
25a7be7953b054b78bddf50246ba86ff,my touch bar isn't working! https://t.co/Exw41Bcg2p,General Inquiry,Auto-handle,"Standard issue, can link to docs.",We want your Mac to always work as expected. Does the Touch Bar work in any apps outside of Messages?
c624078201d585b4dcd4920ab71bee28,"Hei @AppleSupport, I want complain about @118936, why my account when download the app from my iPhone or Macbook very slow?",Software/OS Update,Auto-handle,"Standard issue, can link to docs.",Downloads are dependent on the network connection. Are you doing this over Wi-Fi or cellular data?
b42e94c2a4de91ce7125a8a6628228c7,I hate @115858 why won't your products cooperate,General Inquiry,Escalate,Customer expressing high frustration.,We'll assist you any way we can. What's going on?
d89e78fc5acc63fe81248d356ad3f45d,@AppleSupport did you ever fix it? im having the same issue right now :(,General Inquiry,Auto-handle,"Standard issue, can link to docs.",We'd love to work this out with you. Any USB devices attached currently? Please DM us. https://t.co/GDrqU22YpT
090c2360a5c101408327f662b9a437fe,my phone keeps saying storage almost full I've deleted apps photos and videos and it's still at the same space level help,General Inquiry,Auto-handle,"Standard issue, can link to docs.","We're here to help. Can you tell us when you deleted your items, did you do a restart to your iPhone?"
5a5d12ed02ef11c0172517a86b8e3dd7,why does your new update require 3 passwords including an iCloud security code that I cannot change even though I know it,Software/OS Update,Auto-handle,"Standard issue, can link to docs.",Happy to help. We've answered your DM. Look for our communication there.
6ebee48fe169aa4fe224f04209e87278,"how do I make a genius bar appointment?  the webpage is 403 forbidden.  I called the store number, but I am on hold.",Account & Billing,Auto-handle,"Standard issue, can link to docs.",What is the reservation regarding? We're happy to help. You can also try using the following link: https://t.co/PruGCHO1ib
3d44304ed51cc63550c73560a7d8ddda,"Ever since the last update, my battery has been running down pretty fast! Sometimes within minutes, it's out. Please advise.",Software/OS Update,Auto-handle,"Standard issue, can link to docs.","That's not expected. We're happy to help. Which iPhone model do you have? Also, what's the ambient temperature when this occurs?"
b6cf17d2e8fd4feb769b19eded9cb00e,My pod is broken can u fix it,Hardware/Device Issue,Escalate,Hardware issue likely needs Genius Bar appointment.,We're glad to work with you. What's your iPod model and what issue are you having?
8e571add2ac513fd231e705547a63024,"Thank you, @115858, for this helpful message when trying to open https://t.co/9tEBAJe24j and it fails: https://t.co/p4cbNl9s5n",General Inquiry,Auto-handle,"Standard issue, can link to docs.",Hey there! Let's work on this together. Which macOS are you using? Has your Mac been restarted since you received this message?
59f4e42f1862b5244e2229de4c1f8b3f,"Hi @115858 @AppleSupport just want to share my 4th freezing experience this morning with you (within two weeks) since I move to IOS11 (just updated to 11.1.1 yesterday)
Maybe one of your software freaks could solve a wildly isssue here in KSA https://t.co/p04Yo3bXVK",Software/OS Update,Escalate,"Very long complex message, requires human reading.",We certainly want you to have the best experience with new updates and would like to help. Please DM us a bit more about what happened and we'll continue there. https://t.co/GDrqU22YpT
d44003cb6be8cff88c4f9ef9fd31b820,@118721 @AppleSupport Been having same issue,General Inquiry,Auto-handle,"Standard issue, can link to docs.",We want to help. DM us details on the iOS version you have and which iTunes version. We'll work with you there. https://t.co/GDrqU2kzhr
9191db612f7c55d002351c72e758e0d4,I purchased extra storage but it's not reflecting. Can you help,General Inquiry,Auto-handle,"Standard issue, can link to docs.",We'd be happy to help. DM us what you're seeing available for iCloud storage and how much you purchased to get started. https://t.co/GDrqU22YpT
a3d1662d36c40617e94e2e469f1ede16,"@115858 - how do I track a weight lifting workout on my Apple Watch Series 2 as an Activity""?I feel like I'm not getting credit",General Inquiry,Auto-handle,"Standard issue, can link to docs.",Thanks for reaching out to us. We'd like to help you and look into this further. Please DM us to continue working on this. https://t.co/GDrqU22YpT
660bcb7a26f26e3c581d1beb588790a7,@115858 Did you find fix? Mine does the same. So frustrating,General Inquiry,Auto-handle,"Standard issue, can link to docs.","We'd like to help out. What's the macOS is this running? In DM, what have you tried to resolve it? It helps not to repeat them. https://t.co/GDrqU22YpT"
25c10255fd1fc922eafdad0ef9f26c72,"@AppleSupport Hi , I have the same issue with my iPhone 7.
Did you manage to fix the issue ?",General Inquiry,Auto-handle,"Standard issue, can link to docs.",Thank you for reaching out to us. Have you tried restarting the device? What iOS are you currently running?  DM us here. https://t.co/GDrqU2kzhr
ceb42088bf6d792cf7187be791755bab,this message came up when using MyFitnessPal app? I didn't click install. Can you help? Thx! https://t.co/s3Ckidcwjb,General Inquiry,Auto-handle,"Standard issue, can link to docs.",We're here to help! Your iPhone is not infected. Follow these steps to get rid of that pop-up: https://t.co/qr0pQfKgYD
34503798d9ac96e30316794d637ee518,My iPad screen (no cracks or anything) when u turned it on it was like this. https://t.co/owilVFc58Y,Hardware/Device Issue,Escalate,Hardware issue likely needs Genius Bar appointment.,We're here to help. What version of iOS are you currently running? Let us know in DM. https://t.co/GDrqU22YpT
7bb3615eb26b50b21b11760f0466e0c3,"Dear @115858 - there should not be an apostrophe in plural items (that's items, not item's) please fix this! #sickofcorrectingautocorrect",General Inquiry,Auto-handle,"Standard issue, can link to docs.",Let's look into this together. Can you tell us which device we're working with?
ed2390a90e74a7e0f7bede0fa84ed61c,"@AppleSupport Hi, I’m having the same issue here. I can’t access anymore to my laptop. I have the login screen then after a blank screen",Hardware/Device Issue,Escalate,Hardware issue likely needs Genius Bar appointment.,"Let's look into this for you. We've received your DM, and we'll continue working with you there. https://t.co/GDrqU22YpT"
471344813c91529a93f746dcb6803e77,"Got Mac, chose not to restore from backup via CMD+R.  If I manually restore from last date stamp, will it contain prior dated files. Advise?",Account & Billing,Auto-handle,"Standard issue, can link to docs.","Time Machine makes automatic backups, so it's easy to restore your #Mac or go back in time to find individual files. https://t.co/lH7v8wI9QN"
8dc9dc92c0dccc9c9a8af1fb0d7eca15,Would love to be able to delete a group of texts messages at the same time.  It shouldn't be that difficult!,General Inquiry,Auto-handle,"Standard issue, can link to docs.",Constantly checking your emails in case you miss something important? Customize your Mail settings to choose how new emails are delivered. https://t.co/yUourck3gw
495e668584f6749fb3c3cb34d0b6d3a5,the page to reset your Apple ID is not working,General Inquiry,Auto-handle,"Standard issue, can link to docs.",We can help. What's going on with it?
e93dffb616d6cf9027f0a41c055c7f0e,@AppleSupport just paid to upgrade my storage plan but phone still says no storage ????,General Inquiry,Auto-handle,"Standard issue, can link to docs.",We can help! This article goes over your local iPhone storage space vs. iCloud storage: https://t.co/dREC7Rk0Qk
ecda9cd48996c7c140d2be02a0b9adde,"Is Mail in Service available for iPhone Smart Battery case, or only in store genius bar?",Hardware/Device Issue,Escalate,Hardware issue likely needs Genius Bar appointment.,Let's help get this looked at for you. Please DM us the country you are currently in and we can go from there. https://t.co/GDrqU22YpT
20f1f159ec726928684b12a9dc8dee4a,MacBook Air wireless goes up and down for no apparent reason.  Please fix this.,General Inquiry,Auto-handle,"Standard issue, can link to docs.",We'd like to look into this with you. Are you seeing this issue in multiple locations or just using one wireless access point?
cef2734a212de3064be76db61ed967c7,Love my new MacBook Pro... Hate the fact my 6 year old Pro has better battery life than this brand new one😒 #Applefails @115858 @AppleSupport,Hardware/Device Issue,Escalate,Hardware issue likely needs Genius Bar appointment.,"Let's help. To maximize your battery performance, please visit: https://t.co/bivpdfBNJ6"
a0d4242acf47d172fa3cf9f237918c2c,Hi @AppleSupport - how can I sort the songs in a playlist by artist or song title (instead of def. rev chron date added)? iphone 6+ 10.3.3.,General Inquiry,Auto-handle,"Standard issue, can link to docs.",Our article https://t.co/XwiZa7ChZq can help you edit a playlist created on your iPhone. Let us know if we can help you further.
36364aff8461cc165a6e23ada73ede02,@115858 Issue is sorted after updating the latest update. New issue after latest update. Click Settings -&gt; Wifi is on for a fraction of a sec,Software/OS Update,Auto-handle,"Standard issue, can link to docs.",We'd like to look into this with you. Send us a DM and we'll get started. https://t.co/GDrqU22YpT
93eaca7a6328519b2939b6e3d873ecd6,One side of my beats solo3 is not working,General Inquiry,Auto-handle,"Standard issue, can link to docs.",We'd like to help get your Beats working as they should. Let's chat in DM! https://t.co/GDrqU22YpT
42fe0d89c7bd0d61c73df9391fd62ab2,Hi @AppleSupport how can I access audiobooks not purchased on iTunes but in the #audiobooks section of my #iTunes library on my #iPhone?,General Inquiry,Auto-handle,"Standard issue, can link to docs.","We want to help you with Audiobooks.  Are these currently in your iTunes library, on your computer?"
b5be32480209f5c135356dc5cffdd760,Looks like my phone got wind of the new release for @115858's iPhone 8 and my camera decided to stop working. #itknows #nowmywatchwontpair,General Inquiry,Auto-handle,"Standard issue, can link to docs.",We want to help. What happens when you try to use the camera? What is your iPhone model? Let us know to continue.
c0800387fd99d8508e862b146a8bc938,@115858 I can't wait!!! My iPhone 6s32gig is so broken lol 😂!! And I hate that I can't multitask with @115714 definitely switching to @ATT,Hardware/Device Issue,Escalate,Hardware issue likely needs Genius Bar appointment.,You are always welcome to use your iphone's wifi calling capabilities..
214078ddfbfddf6be54a37746ecc259c,"have noticed a number of songs I have previously downloaded don't appear in my library anymore, how do I get them back?",Software/OS Update,Auto-handle,"Standard issue, can link to docs.","Happy to help! Were these songs purchases from iTunes, songs you've imported for other sources or from Apple Music Subscription?"
37e1d6163675dff4585eccab7b5c22ff,"how long is it safe to charge a mac,iphone,ipad,or ipod  for without lowering  the performance of the device or damaging it?",Hardware/Device Issue,Escalate,Hardware issue likely needs Genius Bar appointment.,"Thanks for reaching out! You can find all of our battery information here:
https://t.co/bivpdfBNJ6"
ebe5baa855f8952f0a9b2e6119a13f34,"iOS 11 with a lot of issues, both for my wife and I we are experiencing problems",Software/OS Update,Auto-handle,"Standard issue, can link to docs.",We're happy to assist you.  DM us with your device model and exact iOS version and we'll go from there. https://t.co/GDrqU22YpT
e50ca8e61df1a3329d349221f3485178,Got one. Thing sucks. Very poor connection. Doesn’t work inside stores. Spotty connection everywhere else.,Account & Billing,Auto-handle,"Standard issue, can link to docs.",We'd like to help with your new Apple Watch. Please DM us which watchOS version you have and we'll help there. https://t.co/GDrqU22YpT
38381a1f84792155e8481ae6ef1520f9,"Hey @115858, great announcement today. Meanwhile your product quality gets worse. Podcast app needs constant babysitting. #FixYourStuffApple",General Inquiry,Auto-handle,"Standard issue, can link to docs.","We'd like to look into the Maps issue you experienced the other day. If you're interested, DM us some specifics to start. https://t.co/GDrqU22YpT"
e27dec4592c58490293f44a8fb7f83e4,Cannot seem to order the X is there a problem?,General Inquiry,Auto-handle,"Standard issue, can link to docs.",Thanks for reaching out. We're here to help. DM us letting us know your current country so we can look into this further with you. https://t.co/GDrqU22YpT
c376420caa27e538a6d50dbefd3d8214,Where are my Apps located in @118721 12.7? #Windows #iPhone,General Inquiry,Auto-handle,"Standard issue, can link to docs.",Great question! Check out this article: https://t.co/pxseZbMQ8z
5e12d55b03efde6fdad0f190f3e457e2,bought iPhone SE from Maple (so no duplicate issues)  within 10 days the touch started acting up. @11930 @115858 want a brand new phone,General Inquiry,Auto-handle,"Standard issue, can link to docs.",Thanks for reaching out. Let's look into this together. Send us a DM with more details about your issue. We'll help you there. https://t.co/GDrqU22YpT
1466fed70b6d11222cb538673c43ec3a,never expected such things from Apple ! I am wasting my time and money going there. And you are spoiling your brand image.,Account & Billing,Auto-handle,"Standard issue, can link to docs.",Good morning. Thank you for contacting us. We're happy to help. Can you reach out to us in DM and we'll go into detail? https://t.co/GDrqU22YpT
7abc2fcd1e9210ab5078534aaee0352c,How convenient now my iPhone starts to fuck up @AppleSupport,General Inquiry,Auto-handle,"Standard issue, can link to docs.",We don't want that to happen! Let's help. Provide us more details on what's not working with your iPhone and we'll get started.
e1351ef1001f6bd683b5d7cbca325660,Very irritating and I would like it sorted asap! Please :-),General Inquiry,Auto-handle,"Standard issue, can link to docs.","We can help. While there's no way for Apple to expedite the process, ensure you've gone through: https://t.co/fJnZYmbI9N"
de5273d9769834b99c6f24db401e76e7,@AppleSupport  @115858 amazing 3 week investigation and no help from Apple keep using a product that burns you.  Dangerous product,General Inquiry,Auto-handle,"Standard issue, can link to docs.",We want to help. Send us a DM and we can continue working with you frmo there. https://t.co/GDrqU22YpT
532aed457280ca7290cd6ed93678efb9,£226 for replacement screen on a £399 watch - Are you for real?,Hardware/Device Issue,Escalate,Hardware issue likely needs Genius Bar appointment.,Hey there! That is the out-of-warranty cost for a screen replacement. This link has more info: https://t.co/V5eJv51L4d
f62d35dbdfc450bb9e5f3d71287d8cb6,@115858 please restore Books tab on itunes. How can you remove that? It's the MAIN reason I use itunes and have apple devices,Account & Billing,Auto-handle,"Standard issue, can link to docs.",We want to help you manage your books. Books are now managed through iBooks on your iOS devices: https://t.co/pxseZbMQ8z
607cf0880d590611efcc50470e11a269,iOS11 is lagging too much! Please fix this!🙏🏻,Software/OS Update,Auto-handle,"Standard issue, can link to docs.","Do you have an up-to-date #iPhone backup? 

Here's how to check before you update to #iOS11 tomorrow. https://t.co/m0zqxY34pT"
5ce7649a2f9836adf9b569327d973820,"Hey, this new version of iTunes is missing stuff. Like an easy way to manage apps and ringtones. Restore the functionality please.",Account & Billing,Auto-handle,"Standard issue, can link to docs.",We might be able to help! Take a look at this article for tips on how to manage apps and ringtones: https://t.co/pxseZbMQ8z
3f2db5c6bf8a8cae8df553e20181ce8b,"Worst #customerservice ever @applesupport - Up to 4th Senior Advisor - no follow up, no call back, no resolution, now a hangup @116333",General Inquiry,Auto-handle,"Standard issue, can link to docs.",We always want the best support experience for our customers. Could you Direct Message us so we can get more information? https://t.co/GDrqU22YpT
4697ab782cc66764e6f0557602e31559,"My invited HomeKit user can’t access home remotely with iOS 11. Its been a problem during the betas, and now the final release",Software/OS Update,Auto-handle,"Standard issue, can link to docs.",We'll be glad to assist you. Have you tried these steps? https://t.co/8w56ZkfySD
a89ea3d2d8f463e02840edb8768ad400,@AppleSupport With iOS 11.1 my iPhone 6s is somewhat laggy and apps often show ‘no internet’. I doubt it’s the 70 new emojis’ fault.,Software/OS Update,Auto-handle,"Standard issue, can link to docs.",We want to help narrow this down.  When do you notice this happening? Does it happen with all Wi-Fi connections?
fe4fa777a993e61f44b93df6fac470cf,@46074 If I search the one comes is UPDATEY-UPDATES $NEWS isn't the one,Software/OS Update,Auto-handle,"Standard issue, can link to docs.","Get the latest features on your iPhone and iPad with #iOS11. 

Here's a look at what's new.

https://t.co/TatEanwPyW"
a48a794b9d6e47f6797ba8483ea30871,Hi. Can the faded grey and white passcode screen be changed to a sharper or darker view in IOS 11.?,Software/OS Update,Auto-handle,"Standard issue, can link to docs.",Let's help. Please contact us via DM and we can go from there. https://t.co/GDrqU22YpT
986151eeec4c23655b1b314f986c05db,"Hello @AppleSupport is there a bug for this #iOS11 ? Toggle from airplane mode turns on WiFi and Bluetooth

 https://t.co/wVlfwalG6l",Software/OS Update,Auto-handle,"Standard issue, can link to docs.",Thanks for reaching out. Please DM us which device is having the issue. We'll start there https://t.co/GDrqU22YpT
fb04a94f138228119deaa81246f48189,Twitter does not work on Apple Watch #WatchOs4 #iOS11,Software/OS Update,Auto-handle,"Standard issue, can link to docs.",We’re glad you reached out! What kind of issue are you having with Twitter on the Apple Watch? Does the app not open?
56a9f831c00cfa2358a45cf30bd5d127,Whenever i try to download a game thats called roblox it crashes please fix please reply.,Software/OS Update,Auto-handle,"Standard issue, can link to docs.","We’ll be glad to see how we can help. To clarify, the App Store crashes when you try to download the game?"
54aacabd318a48864a6d765d1a1fbf7f,This update is awful! My phone is unusable,Software/OS Update,Auto-handle,"Standard issue, can link to docs.",Say hello to the all-new App Store in iOS 11. With expert recommendations and daily picks to help you find your new favorite apps and games. https://t.co/YrJsfJLtoa
fd0f9b0189073e7732619cf23c7e81e9,@AppleSupport Was this resolved I have the same issue,General Inquiry,Auto-handle,"Standard issue, can link to docs.","Let's look into this together. What's the exact issue you're seeing, and the version number of iOS 11 installed on your iPad?"
45bc1c752296b75fe232de41dd4b7e1a,"@AppleSupport They are pretty much unusable. Also will work for phone, but not podcast.. Went from a 10 to zero fast! Please help @AppleSupport @116333",General Inquiry,Auto-handle,"Standard issue, can link to docs.",We are here to help! Let's start with the iOS version on the iPhone. This can be found by going to Settings &gt; General &gt; About.
f91412e7eb49add6d790d3be235ace6b,When @115948’s radio doesn’t work on your Mac anymore. 🙃 @AppleSupport,General Inquiry,Auto-handle,"Standard issue, can link to docs.","We want you to be able to enjoy iTunes, and we'll do all we can to help. How exactly is Apple Music Radio not working?"
536a1197d945af4daa03f40f6916e664,"figured out i could hold sleep/wake button and side volume button to bypass the slide to restart. thank god im a genius,",Hardware/Device Issue,Escalate,Hardware issue likely needs Genius Bar appointment.,"We've received your DM, and we'll continue with you there. Be on the lookout for a reply."
0d44b9e26ecbd2d70435021f6acd2d20,#TouchID fails multiple times now I’m using #iOS11. My fingerprint hasn’t changed so I can only think #Apple is using #PlannedObsolescence.,Software/OS Update,Auto-handle,"Standard issue, can link to docs.",We'd like to look into this with you. Send us a DM including the device you're using. We'll go from there. https://t.co/GDrqU22YpT
aba1d2aaa33600d32b9922177c886e2f,Tryin to #update my @115858 watch for more than 4 hrs ant still not runnin!!!! 😒😔😪,Software/OS Update,Auto-handle,"Standard issue, can link to docs.","Hey there. Are you running into an issue updating your Apple Watch? If so, let us know what's going on. We're here for you."
6e71eaf975b2b4a333666248bd61bd1b,@AppleSupport I’ve got the same thing happening.,General Inquiry,Auto-handle,"Standard issue, can link to docs.",We want to help out with your iPhone.  Can you describe the exact behavior you are experiencing?
493611278a8baecef7822f775528c8fe,I’m missing several thousand photos after upgrading to iOS 11. Years worth of content. I sure hope you have a solution.,Software/OS Update,Auto-handle,"Standard issue, can link to docs.",Absolutely! Where do you make iPhone backups? Do you use iCloud Photo Library? DM us. https://t.co/GDrqU22YpT
12b83c002858b6e2a02f9e09c8a00652,can’t find my subscription button in my account settings. Help! 😵,Hardware/Device Issue,Escalate,Hardware issue likely needs Genius Bar appointment.,We can help with this. Can you tell us what device you're using and the type of subscription you're looking for?
45771a7abaaeb97ae43e6c3323eb2ab8,Wtf apple I got the new update and that on the phone with your workers for 2 hours and my phone is still not fixed and i have no answer https://t.co/6bQGdamFFw,Software/OS Update,Escalate,Customer expressing high frustration.,We'd like to look into this with you. Please DM us more about what's happening with your iPhone. https://t.co/GDrqU22YpT
a0943dd63e42e9e441bab11ef905ab3d,"Why does my 7P start blacking out and Siri doesn’t understand anything anymore, now that the 8 has been released? Do you hate me?",General Inquiry,Escalate,Customer expressing high frustration.,We'd like to work with you. Let's take a look at this together in DM. https://t.co/GDrqU22YpT
58df13ca1891abb2630d53dd35b8d16a,I can’t use my Apple Watch 2 since I download the IOS 11 on iPhone7. Bluetooth drain battery. I just download the IOS11.02. No improvement,Software/OS Update,Auto-handle,"Standard issue, can link to docs.",Away from your phone? Apple Watch Series 3 with cellular keeps you connected. See which networks support it here. https://t.co/qqQfqYL5qb
c6ccd2d965cda41ab8b44278d2bb5e4b,Could you please tell me how to sync my iPod 6 geneartion to load my Nike+ runs. no money to buy new gadgets,Account & Billing,Auto-handle,"Standard issue, can link to docs.",We’d be glad to help use your iPod. Please reach out to us via DM and we'll continue there. https://t.co/GDrqU22YpT
d56f8723858e75b213f04efa16527108,"@115858 @116333 
helpless and couldn't give me a solution. How do I trust now?
Case ID: 100299060373",General Inquiry,Auto-handle,"Standard issue, can link to docs.",We'd like to look into this. DM us and we'll go from there. https://t.co/GDrqU22YpT
36f85d9f28a022c796b01d2cbb21cdef,"downloaded ios11, my screen is auto dimming, how do i change this? As the turn off button has gone? #hateit #help",Software/OS Update,Escalate,Customer expressing high frustration.,"We’d like to help. To turn off Auto-Brightness in iOS 11, go to Settings &gt; General &gt; Accessibility &gt; Display Accommodations."
c822efb092ad4b1ecc099d39862f366f,App Store and iTunes will not load after updating to iOS 11?!?! Please help,Software/OS Update,Auto-handle,"Standard issue, can link to docs.","We're here to help.  To better assist, what error or message do you receive when attempting the access those stores?"
6b41e9e07112b161854983aa0cfd0362,Ayo.. iOS 11.2 won’t let me send or save anything. Fix that,Software/OS Update,Auto-handle,"Standard issue, can link to docs.",Thanks for reaching out to us. We are always happy to help. Send us a DM with more details about your issue. We'll help there. https://t.co/GDrqU22YpT
c8e16c901b82cce90d53613a6e7fb95c,"hi there, @AppleSupport , already update to ios11 but i get problem with random freeze in my 6s, please fixed it in the next update.thankyou",Software/OS Update,Auto-handle,"Standard issue, can link to docs.",We'll be glad to help you with what you're experiencing. Have you tried powering off and restarting? https://t.co/n9BF3L9h6y
88079312fc164ac3cb2bf96f02035f55,I have restarted my device many times since and the issue is still present. I'm not the only one seeing this: https://t.co/4GzXPn46ES,General Inquiry,Auto-handle,"Standard issue, can link to docs.","Have you already updated to our latest release, iOS 11.0.2? https://t.co/ahjigcvFRG Let us know in DM. https://t.co/GDrqU22YpT"
052fd2df14cb12bb69b83cdda932cb6e,"Hey, @AppleSupport, my iPhone 7 keeps respringing when trying to setup for the first time. Trying over both WiFi and iTunes, same problem.",General Inquiry,Auto-handle,"Standard issue, can link to docs.",We definitely want to get this corrected for you! What are you seeing on the screen when this happens? Do you get an error?
aa17f8f5f85c7e5cac695d0be14e88bb,@AppleSupport @116333 Any update on the wishlist? I had 60+ apps (can't remember them all!) in there and also want to add new ones.,Software/OS Update,Auto-handle,"Standard issue, can link to docs.","With iOS 11 the App Store has been updated, some items have been added and some removed. Find out more here: https://t.co/oWUHlNlygh"
091c6beeb02274d6d28bede0a3484951,"@AppleSupport Two month old phone, the difference between doing the same thing on iOS 10 versus 11 is awful",Software/OS Update,Auto-handle,"Standard issue, can link to docs.",We're here to help. DM us which model iPhone you're using and if you've updated to 11.0.2 and we'll get started. https://t.co/GDrqU22YpT
99bf09e4ffe4c24d0ea6507032667bed,Is it normal for the touch of ios 11 to be so accurate with the touch? 10 was not like that. 🤔,Software/OS Update,Auto-handle,"Standard issue, can link to docs.","Hi there, just to make sure we're on the same page. Are you experiencing an issue with the response of the touch screen?"
c7ff83e7c4eaacc187ce14d850a66139,I have lost count of my phone crashes/lock ups... What type of pos did you rollout?... Forget what testing is? #wtf https://t.co/TRIlL2YAhJ,General Inquiry,Escalate,Customer expressing high frustration.,We'd like to help however we can. Send us a DM and let us know if the issues happens when using certain apps or services. https://t.co/GDrqU22YpT
1236c5ad2d1f1df7478deb2bfb93909c,"Did you even test iOS 11 before releasing it? Phone freezes all the time, carplay barely works, battery drains.  #ios11update #brick",Software/OS Update,Auto-handle,"Standard issue, can link to docs.",We're here to assist.  Please reach out to us via DM and we'll get started. https://t.co/GDrqU22YpT
03f150028b656485c108791e9b212f64,@AppleSupport Did you find out the problem!? I’m facing the same issue and seems to be intermittent,General Inquiry,Auto-handle,"Standard issue, can link to docs.",We'd love to look into this with you. Which iPhone and version of iOS 11 are you using? Have you restarted your device?
50bfad39c864abc3bf9370e5a640ca23,"@AppleSupport Omg, mine is like this too 😩 Did you get it fixed? How?",General Inquiry,Auto-handle,"Standard issue, can link to docs.",We'd love to help figure this out with you. Does a restart of your phone and camera app help? Which iOS version are you running?
6c7c42db3672dbf57a07030bd2cbf2f5,@118936 @AppleSupport #reachability not work after update #IOS11.0.2,Software/OS Update,Auto-handle,"Standard issue, can link to docs.","Hi there. Please send us a few details in DM, we'll meet you there to help out. https://t.co/GDrqU22YpT"
baad623e8879052c5d6b8bab2e242ad4,"@AppleSupport Came across bug again this morning, I paid around $1500(92000 INR) without thinking twice guys, respect the people's effort. https://t.co/S8X3bY2r8Q",General Inquiry,Auto-handle,"Standard issue, can link to docs.",We'd like to know more about what you are seeing. Could you join us in DM with more details? https://t.co/GDrqU22YpT
6cef25fd3cdc1810542564faeb07583b,@AppleSupport iOS11 is very heavy on the iPhone 6 battery. Battery drains out quickly as compared to previous OS. Pls look into it,Software/OS Update,Auto-handle,"Standard issue, can link to docs.","We're happy to help. Try these tips for battery life, and let us know if you still have an issue: https://t.co/TpjqFp3jxD"
cf57812607c4e5f0f1c7513e8cc450c0,@AppleSupport Experiencing same issue. What is “AID UPS”? Have to do a hard reset of my phone every day for it to start drawing from the battery case.,Hardware/Device Issue,Escalate,Hardware issue likely needs Genius Bar appointment.,We'd be happy to help with these issues. DM us which model iPhone you have and will continue support with you there. https://t.co/GDrqU22YpT
7bf3c18bf8b2baaa03923894717617f1,"Ios11 is terrible! My new iPhone keeps crashing, even after the 11.0.2 update. How can you not get the software 1st time right!",Software/OS Update,Escalate,Customer expressing high frustration.,That's not the experience we want you to have. Send us a DM so we can look into this with you there. https://t.co/GDrqU22YpT
d986ac276e0b3f27409d05a64c1442bb,@271975 @10878 @AppleSupport is there a known issue with iOS 11 and certain cars?  We are having problems accessing the phonebook in our Acura.,Software/OS Update,Auto-handle,"Standard issue, can link to docs.",We'd like to ensure we're on the same page to help. Send us a DM using the link below and we'll continue. https://t.co/GDrqU22YpT
7c7805195f26959cc71528ac3ce86521,"@116333 Yes!!! My phone keeps freezing and I have to restart it a few times a day, it's the worst!",General Inquiry,Auto-handle,"Standard issue, can link to docs.","We'd like to see if we can assist you with your iPhone. To begin, DM us your iPhone model and iOS version. We'll start there: https://t.co/GDrqU22YpT"
cefc422fd9bffb3d8d3cb8d6360408fe,since upgrade to iOS 11 my iPhone 7’s battery life is even worse than before! i can watch the % drop as I’m using my phone! 👎,Software/OS Update,Auto-handle,"Standard issue, can link to docs.",We'd be happy to look into this with you. Let's start by seeing if the info here helps: https://t.co/bivpdfBNJ6
b36d5962552f29ee25321a8c2f4234ee,"""Your iPhone could not be activated because the activation server cannot be reached."" https://t.co/oqivqksL8E",General Inquiry,Auto-handle,"Standard issue, can link to docs.",We'd love to help you get your iPhone activated! Check out this article for steps to move things along: https://t.co/ywHIZGN4Ac
7254664e7ad9c04c5acb3a01ec2d98e4,#iOS11 bug when playing audio with bluetooth (music or spotify app): music sometimes stops for a split second :-(,Software/OS Update,Auto-handle,"Standard issue, can link to docs.",We'd like to learn a bit more about the behavior you're experiencing. Is the delay when a connection is established?
011cac7ad4ca82478d264c9263e35e4d,"Hi guys im updating a macbook pro retina 13"" late 2013 and I'm stuck since 3-4 hours, What is the best way to proceed?",General Inquiry,Auto-handle,"Standard issue, can link to docs.",We’re here to address your concerns. Let's team up in Direct Message using the link below. https://t.co/GDrqU22YpT
0f7035d6121caadf419ee787a878dbf5,I still don't have it and I'm kinda upset? @115858 why won't you love me?,General Inquiry,Auto-handle,"Standard issue, can link to docs.","We're not quite sure what the issue is, but we'd like to help any way we can over Twitter. What's your model and what's the issue happening on it? Any steps tried so far?"
dd13df6df8264f0fe9889ec233376541,"My iPhone6 with iOS10.2 can't connect with my airpods well, always failed to connect, I need to restart my phone every time!!",Software/OS Update,Auto-handle,"Standard issue, can link to docs.","Let's figure this out. Do you have any other Bluetooth devices? If so, do you have any issues connecting those devices?"
a80fda97fd8c6c4ec2312844d5a4205c,"#iOS11 so many bugs, phone freezing, wifi switches on its own, battery drains fast #applesupport @AppleSupport",Software/OS Update,Auto-handle,"Standard issue, can link to docs.",We want you to enjoy iOS 11. We can help! Send us a DM and we'll look into this together. https://t.co/GDrqU22YpT
d74a758ad42bb71d552635ed9bce90d5,@115858 Absolutely. I agree. Battery draining like hell in my new iPhone. Need a fix ASAP. @115858,Hardware/Device Issue,Escalate,Hardware issue likely needs Genius Bar appointment.,Send us a DM telling us the iPhone you have and details about the battery performance in your new iPhone. We want to help. https://t.co/GDrqU22YpT
ee0d79368ceec035924590fbad6d6e60,why?! Y make it impossible to turn off WiFi for good? I drive it comes on &amp; drops good LTD for crappy wifi &amp; drains battry looking!,General Inquiry,Auto-handle,"Standard issue, can link to docs.",We want to help out. Have you tried the steps here? https://t.co/G7BHuQnDS6
950a2127d9888d9a1f81b3c20c0b7cb9,"Upgrade to #HighSierra - Result after 3 hours. What I should do, @AppleSupport ? https://t.co/PIlnpIU6TL",General Inquiry,Auto-handle,"Standard issue, can link to docs.",We're happy to help get macOS High Sierra installed for you. Does it still appear to be stuck at that point on the progress bar?
75d0aaddb13039e2763030bb5ae33ab6,"Hey @AppleSupport, will the #HighSierra upgrade automatically convert my HFS+ formatted hard drive to the new APFS?",General Inquiry,Auto-handle,"Standard issue, can link to docs.",That's a great question. Learn more about APFS and macOS High Sierra drive conversions here: https://t.co/4S5rE4Mlsl
d9263b0c91227de4d40f3bcc3863350a,"Y dos semanas después, arreglé el problema de firmware e instalé High Sierrra.",Software/OS Update,Auto-handle,"Standard issue, can link to docs.",We offer support via Twitter in English. Get help in Spanish here: https://t.co/IBIY3vMgPj or join https://t.co/OczyRx7IOs
0e4aad417ea77b949b2e93370017d497,"So, with Safari 11 you can no longer use web inspector with USB-attached iOS devices.

Why, @AppleSupport?",Software/OS Update,Auto-handle,"Standard issue, can link to docs.",Thanks for reaching out to us. Let's have you reach out to our developer support team here: https://t.co/hEaoE4MHuT
afdfb1ecf2ee0e7ce14ed2e14f527207,First patch sorted it the volume issue. 2nd patch downloaded tonight has turned it to shit again. Pish!!,Software/OS Update,Auto-handle,"Standard issue, can link to docs.",Let's help take a closer look. Please reach out to us via DM and we can go from there. https://t.co/GDrqU22YpT
9211a108068e6b126a31c9f585d9bd3b,"i’ve had (and loved) my ipad for almost two hears, but ever since i updated it has lagged for the first time...it’s annoying😒",Software/OS Update,Auto-handle,"Standard issue, can link to docs.",We how important it is for your device to work the way you'd like. Have you updated to 11.0.1?
7e6cc603b9ba38601606d0a748ac3a57,facing serious freezing &amp; battery drain issues in #iphone7. Unable to send text msg from call list. Awaiting update to resolve these,Software/OS Update,Auto-handle,"Standard issue, can link to docs.",We'd like to help. Let's take this to DM and we'll explore ways to provide you assistance. https://t.co/GDrqU22YpT
69bba8a26d0fcf0c505faed31ad6a9bd,"Hello, team! is there any way I can wipe “Other” from my storage? And y do photos not offload to iCloud to save phone space? https://t.co/zQ3h9pZdZw",General Inquiry,Auto-handle,"Standard issue, can link to docs.",We’d be happy to look at this with you! Which version of iOS are you running? Do you have iCloud Photo Library turned on?
7f9c9a97edf87e2c0e48bc50002070a6,".@AppleSupport iOS11 - when playing podcasts, the lock screen doesn’t show correct play times until paused. Could you log a fault? Thanks.",Software/OS Update,Auto-handle,"Standard issue, can link to docs.",We want to look into this with you. Does this happen on all podcasts? Is the time correct when in the Podcast app?
074ee8d0fa001b6fcddf9f629ff8020f,"My iPhone 6 Plus has crashed, froze and run generally slow since the recent updates. Really poor",Software/OS Update,Auto-handle,"Standard issue, can link to docs.","We're here for you!  So that we can look into this with you, can you DM us what iOS version you're currently on? https://t.co/GDrqU22YpT"
18dcdc4ef130e2c2d893bc8bda6ce81e,"thread. Basically,I love iPhone&amp;its convenience even with all the bugs in iOS11,but I prefer the album art bigger&amp;shakeForNextSong😆 https://t.co/gl9HPbbkRu",Software/OS Update,Auto-handle,"Standard issue, can link to docs.","We love feedback, let us know your ideas here:

 https://t.co/eTPVYVFyd8 https://t.co/GDrqU22YpT"
56d73b2d701c79e4dd3e01cb38cc6086,are there any changes or issues with payment service? My method keeps being rejected. It worked perfectly fine a week ago.,Account & Billing,Auto-handle,"Standard issue, can link to docs.",Thanks for reaching out. There hasn't been any changes. We recommend the steps here: https://t.co/Ip2IwxlKf8 Keep us posted.
dc22311071df6a9314d756625a292a45,"Why does my wifi &amp; bt still turned on even i turned em off in control center, it drains my batt ios11.1 @AppleSupport",Software/OS Update,Auto-handle,"Standard issue, can link to docs.","Great question! To disable Wi-Fi and Bluetooth, you must visit Settings. Learn more here: https://t.co/G7BHuQnDS6"
0cea209ea83bd61db5c2dd26c76d43f4,@119462 @19101  My iTunes case #1080111280 stalled with Senior Support/Cust Experience team for A YEAR and 8 MO’.s  HELP!,General Inquiry,Auto-handle,"Standard issue, can link to docs.",We'd like to help in any way we can. Send us a DM with some details and we'll look into this together with you. https://t.co/GDrqU22YpT
67dc3916da148285615c887d567dd5ce,"Extremely unimpressed @AppleSupport! Installed #macOSHighSierra &amp; now my #iMac's #bluetooth #keyboard isn't connected, how do I then log in?",General Inquiry,Auto-handle,"Standard issue, can link to docs.","Let's work on this together. Please turn off the keyboard, then turn it back on: https://t.co/xcfbsTFVVR Does that resolve it? https://t.co/GDrqU22YpT"
8f9d875975015ce841a30e9ca9f060a1,my 7plus keeps freezing since I updated to iOS11. I have to keep restarting it. This is not good.,Software/OS Update,Auto-handle,"Standard issue, can link to docs.","We want to help. After restarting, how long before it happens? Are you using a certain app when it becomes unresponsive?"
b721202a0d2083102ede9eac04c77bd6,What in the sam @115858 😡#iphone6 vs #ios11 #updatestruggles https://t.co/nNXlw4jq6D,Software/OS Update,Auto-handle,"Standard issue, can link to docs.",Thanks for bringing this to our attention. Let's complete the steps here: https://t.co/OWRDHWSt4h
ac6c70bc47f521d2b87abc16441efc52,"@115858 Yes but it’s not Toyota Bluetooth it’s a separate device as the car is 2007 &amp; doesn’t have built in Bluetooth, all fine before update",Software/OS Update,Auto-handle,"Standard issue, can link to docs.",We'd love to take a look at this with you. Have you updated to iOS 11.0.2? Let us know in DM and we'll get started. https://t.co/GDrqU22YpT
cf24fae68ef4380a02d403bf236e26a1,"Ok, you just fixed this. Thank you!
Maybe you can streamline this process.",General Inquiry,Auto-handle,"Standard issue, can link to docs.",You're very welcome. Please DM us if you have any other questions: https://t.co/GDrqU22YpT
c80ca71dac0599a0193ae71b3b1cf287,"@116333 Really sad to see there is no fix available from Apple,my iPhone feels like a device from Stone Age, so slow and battery is draining so fast",Hardware/Device Issue,Escalate,Hardware issue likely needs Genius Bar appointment.,We would like to help get your iPhone working as expected. Please let us know which iOS version you have to get started. https://t.co/GDrqU22YpT
0c44f8109dd5f99be5dc24fe4b5c59cd,is there anything we owners of iPhone 5 can do to keep our mobiles?it is it is going to the trash and 4 sure I will buy moto or sansu,General Inquiry,Auto-handle,"Standard issue, can link to docs.",We'd like to look into this with you together. What exactly are you seeing?
822268636ef8595ce9d417551738309e,I have drop something in your inbox. Please check and solve the issue,General Inquiry,Auto-handle,"Standard issue, can link to docs.","We've received your DM, and we'll continue from there. Be on the lookout for a reply."
96f7dabfaf57387f3147b5af9c8b5bec,"My iPhone 7 doesnthave an ""auto call answering"" option but I sick of it auto answering after few rings. How do I stop it?😡😡💚💚 @AppleSupport",General Inquiry,Auto-handle,"Standard issue, can link to docs.",We'd like to help. Does restarting your iPhone have an impact on the issue? Are you using the phone when it does this?
206f52019ea698d2aa41edf53a6a403c,Hello @AppleSupport . This prblem still exists. In addition to this there are few other issues too.I'm surpised by how buggy the new ios is.,Software/OS Update,Auto-handle,"Standard issue, can link to docs.","Hey, let's meet in DM so we can gather some more details. We'll work with you from there. https://t.co/GDrqU22YpT"
68f8a86188544dfe988e0816742a759e,terrible new lock screen on up ISO 11 update can’t see it,Software/OS Update,Escalate,Customer expressing high frustration.,We'd love to help with your Lock Screen! Have you updated to iOS 11.0.1 yet? DM us to let us know. https://t.co/GDrqU22YpT
1d5c349bb1cf03425dd6e8908bfac6a2,how do I make this notification stop?? Please don't say buy more storage bc ya girl is broke. Thanks! https://t.co/ADjSQb00Er,General Inquiry,Auto-handle,"Standard issue, can link to docs.",You can turn off iCloud backup if you would like. That would halt the error. We would encourage backing up to iTunes regularly.
0e2283851cfa360e02e679aa4983125d,"Worst experience in an Apple Store ever. (Fifth Avenue) Always thought Apple was different from others :(

 @AppleSupport",Account & Billing,Auto-handle,"Standard issue, can link to docs.",We want to look deeper into this with you. DM us with more detail and we'll continue there. https://t.co/GDrqU22YpT
33c46d932cd8cb4143bdf628fa2603a1,@115858 any success fixing it? same problem here,General Inquiry,Auto-handle,"Standard issue, can link to docs.",We'd like to look into this. Please join us in DM here: https://t.co/GDrqU22YpT
abcc1372f7bf3d7af53e5950fc8f69e3,do you know why this happens? We’ve tried restoring :(,General Inquiry,Auto-handle,"Standard issue, can link to docs.","Let's take a look into this together. To clarify, you're unable to enter in your passcode after the update?"
93ad59a99a23d614027a3baaf67d4df2,Ok this has happened 3 times now and I’m getting really annoyed,General Inquiry,Auto-handle,"Standard issue, can link to docs.",We'd love to help with this. Which device and iOS version are you currently using? DM us here:
4f6aea3724faf620b6c218b66ae7310d,iOS 11 is draining the battery on my iPhone 7 twice as fast as iOS 10. Help!,Software/OS Update,Auto-handle,"Standard issue, can link to docs.",We'd like to gather some more information for better troubleshooting. Can you DM us the country you are located in? https://t.co/GDrqU22YpT
4caf849e46ac1b71ba61ba86a1df14d9,"Hi @115858, @118936 downloading simulator runtimes in Xcode is currently broken. Could you please have a look? https://t.co/jYCEO1R8Gj",Software/OS Update,Auto-handle,"Standard issue, can link to docs.",We want to be sure you get the best help with this. Reach out to our developer support online at: https://t.co/MN29maiV1D
edf472c0bf52618fd4c4492077a1af0d,how can I downgrade to IOS 10 again? My phone is ridiculously slow after upgrading and I prefer the roundness of the previous😟,Software/OS Update,Escalate,Customer expressing high frustration.,"We'd like to help. So we know a little more about your iPhone, what version of iOS do you have installed?"
410b07c9e6c27f893c1ef0b81de0e970,"@115858 My battery is zoooming down. Damn, I’m switching back to Android ASAP. I took it off the charger 1hr ago.its down to 97%. Usuly 💯 4 8hrs.",Hardware/Device Issue,Escalate,Hardware issue likely needs Genius Bar appointment.,Let's look at this together. Which device and software version are you using? https://t.co/GDrqU22YpT
31a715ad55272bd99f314b70d1ae1c8f,Why?  You have stopped updating podcasts and the iTunes update won't update. Technology and Apple FAIL.,Software/OS Update,Auto-handle,"Standard issue, can link to docs.",We're here to help with iTunes and Podcasts. Click the DM link and let us know what happens when trying to update these. https://t.co/GDrqU22YpT
f80c4f2ff5da7a9842e758dfeba66e35,"Please stop fucking with my backlight, I could barely get through the whole day the way it was.",General Inquiry,Auto-handle,"Standard issue, can link to docs.","We'd like to help, but we'll need more details about the backlight issue to start.  Also, what model is it? iOS version?"
0b69e65a0db4d30b8b515cc793952382,"I don’t know. Our iPhone SEs have been messed up since we bought them. Now after latest update, nothing is working right. Frustrating!",Software/OS Update,Auto-handle,"Standard issue, can link to docs.",We're here to help. Let's take this to DM so we can better assist you. https://t.co/GDrqU22YpT
0d76e75a045be90769e109b47be9c695,"Re: Cookies

#Apple,

Why did you remove “Allow from Current Website Only” from #iPad’s #Safari #cookie settings?

I have a lot more #cookies on my #tablet now, and to make matters worst, I have to go into embedded settings every-time #websites want me to unblock cookies, now. https://t.co/UHYuH8bOdV",General Inquiry,Escalate,"Very long complex message, requires human reading.",This may help with cookies on your iOS device: https://t.co/KATiqSeE7k Send us a DM if you'd like to talk further about it. https://t.co/GDrqU22YpT
