conversation_id,customer_message,true_intent,pred_intent,true_action,pred_action,actual_brand_reply,draft_reply,reply_score,reply_reasoning,agent_reasoning
1809a7e15a7044098141e4ed09f41ca3,"Howdy. Today I started getting a ""No Sim Card Installed"" message on my iPhone 6. I'm running 9.2.1
???",General Inquiry,General Inquiry,Auto-handle,Auto-handle,We would love to help fix this. Follow these steps and DM us if you need further assistance: https://t.co/UTP2qBzCA0,This is a mock draft reply for: Howdy. Today I start...,3,Mock evaluation score.,Mock reasoning generated.
749756fbdec17b0a8d94090526ae2b4e,Awrite av got a problem with my iPhone,General Inquiry,General Inquiry,Auto-handle,Auto-handle,"We’re happy to help with your iPhone. DM us the model, iOS
 Version and the issue and we can go from there.",This is a mock draft reply for: Awrite av got a prob...,3,Mock evaluation score.,Mock reasoning generated.
74d49c1a8dfd273a7fefc248d6609f71,"@118101 @AppleSupport unable to use iPad pro 10"" with @118101 via apple sim. Get ""An error has occurred when getting user information (TMF12)"" after selecting available ee plans. 

VERY inconvenient.",General Inquiry,General Inquiry,Auto-handle,Auto-handle,We'd like to help get your iPad Pro activated. DM us and we'll get started. https://t.co/GDrqU22YpT,This is a mock draft reply for: @118101 @AppleSuppor...,3,Mock evaluation score.,Mock reasoning generated.
440e3c063d8318c976afb8067308b5a5,how do I delete apps if this is what shows when I press and hold an app https://t.co/R47Tz6nsA7,General Inquiry,General Inquiry,Auto-handle,Auto-handle,We can take a look at it. Which device and what version of iOS are you currently using?,This is a mock draft reply for: how do I delete apps...,3,Mock evaluation score.,Mock reasoning generated.
5a367bad5af3347f6936313cd87b5d45,Is family shared iCloud storage a functionality I can't find or is this something that doesn't exist (yet)?,General Inquiry,General Inquiry,Auto-handle,Auto-handle,We'll happy to work with you and answer your questions. Please DM us where we have more room. https://t.co/GDrqU22YpT,This is a mock draft reply for: Is family shared iCl...,3,Mock evaluation score.,Mock reasoning generated.
